id,username,experience,sort_time
R_3M5Jll3UzlgVsk6,anonymous,None,90
R_zfcKemYNbyaThdv,VDE-1,None,90
R_1kIxrWW1kwigQJQ,VDE-1,None,90
R_2waZfjLrZKu5SJV,lalilu,More than 10 hours,70
R_1IgxnKdCUBYKv52,ttggttgg,More than 10 hours,200
R_3QVGBj5ZpmfdfWp,Poutine,More than 10 hours,80
R_3nBDOaDTGnSmDxj,peewee,None,60
R_3EMsrEJnT58iKkQ,max,More than 10 hours,90
R_3isgm0P5cIpjzTQ,Jennifer Aniston,None,120
R_8fcpNph1ZgwGI5r,Nick Steinmetz,More than 10 hours,60
R_24NoLZ2yJ8QuRk7,Neuro2021,Less than 10 hours,60
R_2uICoawplw6jApK,hello ,Less than 10 hours,80
R_2YxJrQvQjRSWsaP,SM,More than 10 hours,180
R_3r01XVSE07Au4wA,P5222,More than 10 hours,40
R_3hgdK2LgFBj7Rqw,VPM,Less than 10 hours,30
R_1mwP144yMBaH37n,Spike_boss,"No spike sorting experience, but experience with single unit electrophysiology",40
R_plnEv7ANxcCrn1f,Carandini,Less than 10 hours,45
R_1JQoq5RkrnIvsWv,ensor,Less than 10 hours,120
R_1qdF4aGjMnFR1iO,PK1,More than 10 hours,120
R_3s1GEymXCxH62gc,ChesterNimitz,Less than 10 hours,30
R_zYwZMhmxt7pb1m1,sharky,None,60
R_3hmA27kwozzYjp2,CS,"No spike sorting experience, but experience with single unit electrophysiology",60
R_31NknNeERbfzUN7,roadrunner,None,120
R_Uy8GUwI5klGGEj7,Dr. Murry,More than 10 hours,20
R_AvOMxspKvLu0pu9,stocatso,"No spike sorting experience, but experience with single unit electrophysiology",90
R_OewYGZ7XmVlLXwd,Humphrey Earwicker,"No spike sorting experience, but experience with single unit electrophysiology",60
R_28Ogs8SKDuONkVq,>>>,More than 10 hours,50
R_8kW7Lsj6iYlojn3,UrsusMaritimus,More than 10 hours,180
R_D8cKjh0DpslSGc1,Angymon,"No spike sorting experience, but experience with single unit electrophysiology",120
R_1Nh7X4rpY3sCXZQ,teris,More than 10 hours,60
R_RmAtakcyNTf5ILT,Sherlock,Less than 10 hours,100
R_2pQMFn2vconuygS,James Bond,Less than 10 hours,80
R_2zjrXT7ytXOzlIl,smidge ,"No spike sorting experience, but experience with single unit electrophysiology",180
