cluster_id	group
0	mua
2	noise
3	mua
4	good
7	good
8	good
9	mua
13	noise
14	good
15	good
16	mua
17	good
18	noise
20	mua
23	good
25	noise
27	good
28	good
29	good
30	mua
31	mua
32	good
33	mua
35	mua
37	mua
38	mua
39	mua
40	mua
45	good
46	mua
47	good
50	mua
51	mua
52	noise
53	noise
54	mua
56	good
57	mua
58	good
59	good
60	good
61	noise
62	noise
63	mua
64	mua
65	mua
66	good
67	mua
68	mua
69	mua
70	mua
71	good
72	mua
73	mua
76	good
77	good
78	good
79	mua
80	good
81	good
82	good
83	mua
84	good
86	mua
87	mua
88	good
89	good
90	good
91	mua
92	mua
93	mua
94	mua
95	good
96	good
97	mua
100	noise
102	good
103	noise
104	good
106	mua
108	mua
109	mua
110	good
112	mua
113	mua
114	noise
115	mua
116	good
118	good
119	good
122	mua
123	good
124	good
125	good
126	mua
127	mua
128	good
129	good
131	good
132	mua
133	good
134	good
135	mua
136	mua
137	mua
138	noise
139	good
140	mua
141	mua
142	good
143	mua
144	mua
145	good
146	good
147	good
149	good
150	good
151	mua
152	mua
153	mua
154	good
155	mua
156	good
157	mua
158	mua
159	noise
160	noise
161	good
162	mua
163	good
164	good
165	mua
166	good
167	good
168	mua
169	good
171	mua
172	good
173	mua
174	mua
178	good
179	mua
181	mua
182	good
183	mua
184	good
185	mua
188	good
189	mua
190	mua
191	good
192	mua
193	mua
194	good
195	good
196	mua
197	good
198	mua
199	good
200	good
201	good
202	good
203	good
204	good
205	mua
206	noise
207	good
208	good
209	mua
210	noise
211	mua
212	mua
213	mua
215	good
216	mua
217	good
218	mua
220	mua
221	mua
222	mua
223	mua
224	mua
225	good
226	good
227	good
228	mua
229	mua
230	good
231	good
233	mua
234	mua
235	noise
236	mua
237	mua
238	good
239	good
240	mua
242	good
243	good
244	good
245	mua
246	good
247	good
248	good
249	noise
250	mua
251	good
252	good
254	noise
255	noise
256	good
257	good
258	noise
259	good
260	good
262	good
263	good
264	good
265	good
267	mua
268	good
269	mua
270	good
271	mua
272	mua
273	good
275	mua
276	good
277	mua
278	good
280	good
281	good
282	good
283	mua
284	mua
286	good
288	mua
289	mua
290	mua
291	good
292	good
293	mua
294	noise
295	good
296	mua
297	good
298	mua
305	good
311	good
312	good
313	mua
314	good
315	good
316	good
317	good
323	good
326	good
327	good
328	good
331	good
333	good
