cluster_id	group
0	noise
2	noise
3	noise
4	mua
5	noise
6	mua
7	noise
8	good
9	noise
12	mua
13	noise
14	noise
16	noise
17	noise
18	noise
19	mua
20	noise
22	noise
23	mua
25	noise
27	noise
28	mua
29	mua
30	mua
31	noise
32	noise
33	noise
34	noise
35	noise
36	mua
37	noise
38	noise
39	noise
40	noise
42	mua
45	noise
46	mua
47	mua
50	mua
51	noise
52	noise
53	noise
54	noise
56	mua
57	noise
58	noise
59	mua
60	mua
61	noise
62	noise
63	noise
64	noise
65	noise
66	mua
67	mua
68	noise
69	noise
70	noise
71	noise
72	noise
73	mua
74	noise
75	noise
76	noise
77	mua
78	mua
79	noise
80	good
81	mua
82	good
83	noise
84	noise
85	mua
86	mua
87	mua
88	mua
89	noise
90	good
91	noise
92	noise
93	noise
94	noise
95	mua
96	good
97	noise
99	mua
100	noise
102	mua
103	noise
104	mua
105	noise
106	noise
107	noise
108	noise
109	noise
110	noise
112	mua
113	mua
114	noise
115	noise
116	noise
118	good
119	mua
122	noise
123	noise
124	good
125	noise
126	noise
127	mua
128	noise
131	noise
132	noise
133	noise
134	mua
136	noise
137	noise
138	noise
139	mua
140	noise
141	mua
142	noise
143	noise
144	noise
145	mua
146	noise
147	noise
148	noise
149	noise
150	mua
151	noise
152	noise
153	noise
154	good
156	noise
157	noise
158	noise
159	noise
160	noise
161	mua
162	noise
163	mua
164	noise
165	noise
166	mua
167	mua
168	noise
169	good
171	noise
172	noise
173	noise
174	mua
175	noise
176	mua
178	noise
179	mua
181	noise
183	noise
184	mua
185	noise
188	good
189	noise
190	noise
191	good
192	mua
193	noise
194	mua
195	noise
196	noise
197	good
198	mua
200	mua
201	mua
202	noise
203	mua
204	noise
205	noise
206	noise
207	noise
208	mua
209	noise
210	noise
211	noise
212	noise
213	noise
215	mua
216	mua
217	mua
218	mua
220	noise
221	noise
222	mua
223	noise
224	noise
225	noise
226	mua
227	noise
228	noise
229	noise
230	noise
231	good
233	noise
234	noise
235	noise
236	noise
237	noise
238	noise
239	noise
240	noise
242	noise
243	mua
244	good
245	noise
246	mua
247	mua
248	good
249	noise
250	noise
251	noise
252	mua
253	good
254	noise
255	noise
256	noise
258	noise
259	noise
260	noise
261	noise
262	mua
263	good
264	mua
265	mua
267	mua
268	noise
269	noise
270	good
271	noise
272	noise
273	noise
275	noise
276	noise
277	good
278	noise
279	mua
280	noise
281	mua
282	mua
283	noise
284	noise
285	mua
286	noise
287	noise
288	noise
289	noise
290	noise
291	mua
293	noise
294	noise
295	noise
296	noise
303	good
304	good
306	mua
308	good
310	mua
311	good
312	mua
313	good
317	noise
318	good
319	good
320	good
321	good
322	good
323	good
