cluster_id	group
0	mua
1	good
2	noise
3	noise
4	good
5	mua
6	good
7	mua
8	noise
9	mua
13	noise
14	noise
16	mua
17	good
18	mua
19	good
20	mua
23	mua
25	noise
27	good
28	mua
30	noise
31	noise
32	mua
33	mua
34	mua
35	noise
36	mua
37	noise
38	noise
39	noise
40	mua
42	mua
44	mua
46	noise
50	noise
51	noise
52	mua
53	mua
54	mua
56	mua
57	mua
59	mua
60	good
61	mua
62	mua
63	mua
64	noise
65	mua
66	mua
67	mua
68	noise
69	noise
70	noise
71	mua
72	noise
73	mua
74	mua
76	noise
77	mua
78	mua
79	noise
80	good
81	mua
82	good
83	mua
84	noise
85	mua
86	mua
87	good
88	mua
89	noise
90	good
91	noise
92	mua
93	mua
94	mua
95	mua
96	good
97	mua
99	good
100	noise
102	mua
103	noise
104	mua
105	noise
106	noise
107	mua
108	mua
109	noise
110	good
111	mua
112	noise
113	mua
114	noise
115	good
116	mua
118	good
119	noise
122	noise
123	mua
124	good
125	noise
126	mua
127	mua
128	noise
131	good
132	noise
133	good
134	mua
135	noise
136	noise
137	noise
138	noise
139	noise
140	mua
141	mua
142	noise
143	noise
144	mua
145	noise
146	good
148	mua
149	mua
150	mua
151	mua
152	mua
153	mua
154	mua
156	good
157	mua
158	mua
159	mua
160	mua
161	good
162	noise
163	noise
164	mua
165	noise
166	mua
167	mua
168	noise
169	noise
171	mua
172	noise
173	mua
174	mua
175	noise
176	mua
178	noise
179	good
181	mua
183	noise
184	mua
185	mua
188	noise
189	noise
190	mua
191	good
192	mua
193	mua
194	good
195	good
196	mua
197	good
198	mua
200	mua
201	mua
202	good
203	good
204	mua
205	mua
206	noise
207	mua
208	noise
209	mua
210	noise
211	mua
212	mua
213	noise
215	mua
216	mua
217	mua
218	noise
220	noise
221	mua
222	mua
224	mua
225	noise
227	mua
228	noise
229	noise
230	mua
231	good
232	good
233	mua
234	noise
235	mua
236	mua
237	mua
238	mua
239	noise
240	mua
242	mua
243	noise
244	good
245	mua
247	good
249	noise
250	noise
251	mua
252	good
253	mua
254	noise
255	mua
256	mua
258	mua
259	mua
260	good
262	noise
263	good
264	mua
265	mua
267	mua
268	good
269	noise
270	mua
271	mua
272	noise
273	mua
275	noise
276	mua
277	noise
280	noise
282	mua
283	noise
284	mua
286	mua
287	mua
288	noise
289	mua
290	noise
293	noise
294	mua
295	good
296	noise
297	good
298	mua
301	good
302	mua
305	good
306	mua
308	mua
309	mua
310	mua
311	good
312	good
316	good
317	good
318	good
323	good
324	good
325	good
326	good
328	good
335	good
336	good
337	mua
339	mua
340	good
342	good
