cluster_id	group
0	mua
1	good
2	mua
3	mua
4	mua
5	mua
6	mua
7	mua
8	good
9	mua
11	mua
12	mua
13	mua
14	mua
16	mua
17	mua
18	mua
19	mua
20	mua
22	mua
25	mua
26	good
27	mua
28	mua
29	mua
30	mua
31	mua
32	mua
33	mua
34	mua
35	mua
36	mua
37	mua
38	mua
39	mua
40	mua
42	mua
44	mua
45	mua
46	mua
47	mua
50	mua
51	mua
52	mua
53	mua
54	mua
56	mua
57	mua
58	mua
59	mua
60	mua
61	mua
62	mua
63	mua
64	mua
65	mua
67	mua
68	mua
69	mua
70	mua
71	mua
72	mua
73	mua
74	mua
75	mua
76	mua
77	mua
78	mua
79	mua
80	good
81	mua
82	mua
83	mua
84	mua
85	mua
86	mua
87	mua
88	mua
89	mua
90	mua
91	mua
92	mua
93	mua
94	mua
95	mua
96	good
97	mua
99	mua
100	mua
102	mua
103	mua
104	mua
105	mua
106	mua
107	mua
108	mua
109	mua
110	mua
111	good
112	mua
113	mua
114	mua
115	mua
116	mua
118	good
119	mua
122	mua
123	mua
124	mua
125	mua
126	mua
127	mua
129	good
131	mua
132	mua
133	mua
134	mua
135	mua
136	mua
137	mua
138	mua
139	good
140	mua
141	mua
142	mua
143	mua
144	mua
145	mua
146	mua
147	mua
148	mua
149	mua
150	mua
151	mua
152	mua
153	mua
154	mua
156	mua
157	mua
158	mua
159	mua
160	mua
161	mua
162	mua
163	mua
164	mua
165	mua
166	mua
167	mua
168	mua
169	mua
171	mua
172	mua
173	mua
174	mua
175	mua
176	mua
177	mua
178	mua
179	mua
180	mua
181	mua
182	mua
183	mua
184	mua
185	mua
189	mua
190	mua
191	mua
192	mua
193	mua
194	mua
195	mua
196	mua
198	mua
199	mua
200	mua
201	mua
202	mua
204	mua
205	mua
206	mua
207	mua
208	mua
209	mua
210	mua
211	mua
212	mua
213	mua
215	mua
216	mua
217	good
218	mua
220	mua
221	mua
222	mua
223	mua
224	mua
225	mua
227	mua
228	mua
229	mua
230	mua
231	good
232	mua
233	mua
234	mua
235	mua
236	mua
237	mua
238	mua
239	mua
240	mua
242	mua
243	mua
244	good
245	mua
247	mua
249	mua
250	mua
251	mua
252	mua
253	good
254	mua
255	mua
256	mua
258	mua
259	mua
260	mua
261	mua
262	mua
263	good
265	mua
267	mua
268	mua
269	mua
270	mua
271	mua
272	mua
273	mua
275	mua
276	mua
277	mua
278	mua
279	mua
280	mua
281	mua
282	mua
283	mua
284	mua
285	mua
286	mua
287	mua
288	mua
289	mua
290	mua
293	mua
294	mua
295	mua
296	mua
298	good
299	good
300	good
301	mua
305	mua
307	mua
308	mua
311	mua
313	good
314	good
315	good
316	good
317	good
318	good
