cluster_id	group
0	noise
1	good
2	noise
3	noise
4	good
5	noise
7	good
8	good
9	noise
12	good
13	noise
14	noise
16	good
17	good
18	noise
20	noise
23	mua
25	good
27	good
28	good
29	good
30	mua
33	noise
34	noise
35	noise
36	good
37	noise
38	noise
39	noise
40	mua
42	noise
46	good
50	mua
51	noise
52	mua
53	noise
54	noise
56	good
57	noise
59	mua
60	good
61	noise
62	noise
63	noise
64	noise
65	good
66	mua
67	good
68	noise
69	noise
70	noise
71	good
72	noise
73	mua
74	noise
76	noise
77	mua
78	good
79	noise
80	good
82	good
83	mua
84	noise
85	good
87	noise
88	good
89	noise
90	good
91	noise
92	noise
93	noise
94	noise
95	good
96	good
97	noise
99	noise
100	noise
102	mua
103	noise
104	mua
105	noise
106	noise
108	noise
109	noise
110	good
112	noise
113	mua
114	noise
115	good
116	good
118	good
119	good
122	noise
123	noise
124	good
125	good
126	noise
127	good
128	good
131	good
132	noise
134	mua
135	noise
136	noise
137	noise
138	noise
139	good
140	noise
141	mua
142	good
143	noise
144	noise
145	good
146	good
148	noise
149	good
150	good
151	noise
152	noise
153	good
154	good
156	good
157	noise
158	noise
159	noise
160	noise
162	noise
164	good
165	noise
166	good
167	mua
168	noise
169	good
171	good
172	noise
173	noise
174	good
175	noise
176	good
177	noise
178	noise
179	good
181	noise
183	noise
184	mua
185	noise
188	good
189	noise
190	noise
191	good
192	good
193	noise
194	noise
195	good
196	mua
197	good
198	mua
200	good
202	good
204	noise
205	good
206	noise
207	noise
208	mua
210	noise
211	mua
212	good
213	good
215	mua
217	good
218	noise
220	noise
222	noise
223	good
224	noise
225	noise
227	noise
228	noise
229	noise
230	noise
231	good
233	noise
234	noise
235	noise
236	noise
237	noise
238	noise
239	noise
240	noise
242	noise
243	good
244	good
245	noise
247	good
249	mua
250	noise
251	good
252	good
253	good
254	noise
255	noise
256	good
258	noise
259	noise
260	good
262	good
263	good
264	good
265	good
267	mua
268	good
269	noise
270	good
271	good
272	noise
273	good
275	noise
280	noise
281	mua
282	good
283	noise
284	noise
286	good
287	noise
288	noise
289	noise
290	noise
293	mua
294	noise
295	good
296	mua
297	good
306	good
307	mua
309	good
310	good
311	good
312	good
313	good
315	good
317	good
319	good
321	mua
324	good
325	good
329	good
333	mua
334	good
335	mua
337	good
338	good
