cluster_id	group
0	good
1	good
2	noise
3	noise
4	good
9	good
13	noise
14	noise
16	good
17	good
18	noise
19	good
20	good
23	good
25	noise
27	good
29	good
30	mua
33	good
34	good
35	noise
36	good
37	noise
38	noise
39	noise
40	mua
42	noise
46	good
50	mua
51	noise
56	good
59	good
62	noise
63	noise
64	noise
65	good
66	mua
68	noise
69	noise
70	noise
72	noise
73	mua
76	good
77	good
78	good
79	noise
80	good
82	good
84	noise
88	good
89	noise
90	good
91	noise
95	good
96	good
100	noise
102	good
103	noise
105	noise
106	noise
107	good
109	noise
113	mua
114	noise
115	good
116	good
118	good
122	noise
123	noise
124	good
125	good
127	good
128	good
131	good
132	noise
133	good
134	good
136	noise
137	noise
138	noise
139	good
141	good
143	noise
145	good
146	good
148	good
150	good
151	good
153	good
154	good
156	good
157	noise
158	noise
159	noise
160	noise
162	noise
164	good
165	noise
166	good
167	good
168	noise
171	mua
172	noise
173	noise
174	mua
175	noise
176	good
178	noise
179	good
181	good
183	noise
184	good
188	good
189	noise
191	good
192	good
193	good
195	good
197	good
198	good
200	good
202	good
205	good
206	noise
208	good
209	good
210	noise
213	noise
215	mua
217	good
218	mua
220	mua
224	good
225	noise
227	mua
228	noise
229	noise
230	good
231	good
233	good
234	noise
235	noise
239	noise
240	noise
243	good
244	good
247	good
249	noise
250	noise
251	good
252	good
255	noise
256	good
260	good
264	good
265	good
267	good
268	good
269	noise
270	good
271	good
272	noise
275	good
280	good
281	good
282	good
283	noise
287	good
288	noise
290	noise
293	noise
294	noise
295	good
300	noise
303	noise
304	good
319	good
320	good
325	good
326	good
327	good
330	good
331	good
332	good
333	good
334	good
337	good
339	good
342	good
347	good
355	good
356	good
357	good
358	good
360	good
362	good
363	good
365	good
368	good
370	good
371	good
372	good
375	good
376	good
377	good
378	good
379	good
381	good
382	good
383	good
384	good
385	good
