cluster_id	group
0	mua
1	good
2	noise
3	noise
4	mua
5	mua
6	mua
7	mua
8	mua
9	mua
13	noise
14	noise
16	mua
17	mua
18	noise
21	mua
22	good
23	mua
25	noise
27	mua
28	mua
29	mua
30	mua
31	mua
33	mua
34	mua
35	noise
36	good
37	noise
38	noise
39	noise
40	mua
41	good
42	mua
44	mua
46	mua
48	good
50	mua
51	noise
52	noise
53	noise
54	good
55	mua
57	mua
58	good
59	good
60	good
61	noise
62	noise
63	noise
64	noise
65	mua
66	mua
68	noise
69	noise
70	noise
71	mua
72	noise
73	mua
74	good
75	good
76	noise
77	mua
78	good
79	noise
80	good
81	good
82	good
83	noise
84	noise
88	good
89	noise
90	mua
91	noise
92	good
93	noise
94	mua
95	good
96	mua
97	good
98	good
99	good
100	noise
102	mua
103	noise
104	mua
105	noise
107	good
108	mua
109	noise
111	mua
112	noise
113	mua
114	noise
115	good
116	good
118	good
119	mua
120	good
121	good
122	noise
123	noise
124	good
125	mua
126	noise
127	mua
128	mua
129	mua
131	good
132	noise
133	good
134	mua
135	mua
136	noise
137	noise
138	noise
139	mua
140	mua
141	mua
142	mua
143	noise
145	noise
146	good
148	good
149	good
150	good
151	mua
152	mua
153	mua
154	mua
156	good
157	mua
158	noise
159	noise
160	mua
162	noise
163	mua
164	mua
165	noise
166	good
167	mua
168	noise
169	mua
171	mua
172	noise
173	mua
174	mua
175	noise
176	good
178	noise
179	good
181	good
183	noise
184	good
185	mua
186	good
188	mua
189	noise
190	good
191	mua
192	mua
193	mua
194	good
195	good
196	mua
197	mua
198	mua
199	mua
202	mua
203	mua
204	mua
205	good
206	noise
207	noise
208	mua
209	mua
210	noise
211	noise
212	mua
213	mua
215	good
217	good
218	mua
220	noise
222	mua
223	good
224	noise
225	noise
227	mua
228	noise
229	noise
230	good
231	good
232	mua
233	mua
234	noise
235	noise
236	mua
237	noise
238	noise
239	noise
240	noise
243	good
244	good
245	noise
247	good
249	noise
250	noise
251	mua
252	mua
254	noise
255	noise
256	mua
258	noise
259	noise
260	good
262	mua
264	mua
265	good
267	noise
268	mua
269	noise
270	good
271	mua
272	noise
275	mua
277	mua
278	mua
280	noise
281	mua
282	mua
283	noise
284	noise
287	mua
288	noise
289	noise
290	noise
293	noise
294	noise
295	good
296	noise
299	mua
301	mua
302	good
303	good
305	mua
310	mua
311	good
312	good
316	good
321	good
323	good
326	mua
328	good
329	good
330	mua
331	good
