cluster_id	group
0	good
1	good
2	noise
3	mua
4	good
5	good
6	mua
7	mua
8	mua
9	mua
13	mua
14	mua
16	good
17	good
18	mua
19	good
20	good
23	mua
25	mua
26	mua
27	good
29	mua
30	mua
31	mua
33	good
34	mua
35	mua
36	mua
37	noise
38	mua
39	mua
40	mua
41	mua
42	mua
44	mua
45	mua
46	mua
49	good
50	mua
51	mua
52	mua
53	mua
56	good
58	good
59	mua
60	good
61	mua
62	mua
63	mua
64	mua
65	mua
66	mua
67	mua
68	mua
69	mua
70	mua
71	mua
72	mua
73	mua
74	good
76	mua
77	mua
78	good
79	mua
80	good
81	good
82	good
83	mua
84	mua
86	good
87	good
88	mua
89	mua
90	good
91	mua
92	good
93	mua
94	mua
95	good
96	good
97	good
99	good
100	mua
102	mua
103	mua
104	mua
105	mua
106	mua
107	good
108	mua
109	mua
110	good
111	mua
112	mua
113	mua
114	mua
115	good
116	good
118	good
119	mua
121	good
122	mua
123	mua
124	good
125	mua
126	mua
127	mua
128	mua
131	good
132	noise
133	good
134	mua
135	mua
136	mua
137	mua
138	mua
139	mua
140	good
141	mua
142	mua
143	noise
144	good
145	mua
146	good
148	good
149	good
150	mua
151	good
152	mua
153	good
154	mua
156	good
157	mua
158	mua
159	mua
160	mua
161	good
162	mua
163	mua
164	good
165	mua
166	good
167	mua
168	mua
169	mua
171	good
172	mua
173	mua
174	mua
175	mua
176	mua
178	mua
179	good
181	good
183	mua
184	good
185	mua
186	good
188	mua
189	mua
190	good
191	good
192	mua
193	good
194	good
195	good
196	mua
197	good
198	mua
200	mua
201	mua
202	good
203	good
204	good
205	good
206	mua
207	mua
208	mua
209	mua
210	mua
211	mua
212	good
213	mua
214	good
215	mua
216	mua
217	mua
218	mua
220	mua
221	good
222	mua
223	good
224	mua
225	mua
226	mua
227	mua
228	mua
229	mua
230	good
231	good
233	mua
234	mua
235	mua
236	good
237	mua
238	good
239	mua
240	mua
241	good
242	good
243	mua
244	good
245	good
247	good
248	good
249	mua
250	mua
251	mua
252	good
253	good
254	mua
255	mua
256	good
258	good
259	mua
260	good
262	mua
263	good
264	good
265	good
266	mua
267	mua
268	good
269	mua
270	good
271	mua
272	mua
273	good
275	good
276	good
277	mua
278	good
279	good
280	mua
281	mua
282	mua
283	mua
284	noise
286	good
287	good
288	mua
289	good
290	mua
291	mua
293	mua
294	mua
295	good
301	good
306	good
307	good
308	good
309	good
310	good
312	mua
314	good
315	good
316	good
317	good
318	good
320	good
321	good
