cluster_id	group
2	noise
3	noise
4	good
9	noise
14	noise
17	good
18	noise
22	noise
23	mua
25	noise
26	good
30	mua
31	mua
33	noise
34	mua
35	noise
37	noise
38	noise
39	noise
40	mua
42	mua
44	mua
47	good
50	mua
51	noise
52	mua
59	mua
62	noise
64	noise
68	noise
69	noise
70	noise
72	noise
73	mua
75	noise
76	noise
77	mua
79	noise
80	good
81	mua
82	good
84	noise
87	good
88	mua
89	noise
90	good
91	noise
93	mua
95	mua
96	good
99	mua
100	noise
102	noise
105	noise
106	mua
107	good
109	noise
110	good
111	mua
112	noise
113	mua
114	noise
115	good
116	good
119	mua
122	noise
123	noise
124	good
125	good
127	mua
131	good
132	noise
134	mua
135	noise
136	noise
137	noise
138	noise
139	mua
141	mua
143	noise
145	mua
150	mua
151	noise
152	noise
153	good
154	good
156	good
158	noise
162	noise
163	mua
164	good
165	noise
167	mua
168	noise
169	mua
171	mua
172	noise
173	noise
175	noise
178	noise
179	noise
183	noise
184	mua
185	noise
188	good
189	noise
193	good
195	good
197	good
198	mua
200	mua
201	mua
202	good
203	good
206	noise
208	mua
210	noise
213	noise
215	mua
216	mua
217	good
218	mua
220	noise
221	mua
223	good
225	noise
228	noise
229	noise
231	good
233	noise
234	noise
235	noise
238	noise
239	noise
242	noise
243	mua
244	good
247	mua
249	noise
250	noise
251	mua
260	mua
262	mua
263	good
265	good
266	good
267	mua
269	noise
270	mua
272	noise
275	mua
277	good
280	noise
281	mua
282	mua
283	noise
284	noise
288	noise
289	noise
290	noise
293	noise
295	good
299	mua
301	good
304	good
312	good
315	mua
317	mua
323	good
324	good
329	mua
332	mua
333	mua
340	noise
341	good
342	noise
345	mua
352	mua
353	good
356	mua
358	mua
360	good
361	good
362	mua
363	good
372	good
374	good
375	good
381	mua
382	mua
383	mua
384	good
385	good
386	mua
388	mua
389	good
391	good
393	mua
400	mua
403	mua
406	mua
408	mua
409	noise
410	good
413	mua
415	good
417	good
418	mua
420	good
421	good
423	mua
424	mua
425	mua
426	good
427	mua
