cluster_id	group
2	noise
3	noise
7	mua
9	mua
14	noise
16	good
17	good
18	noise
23	good
25	noise
30	mua
35	noise
36	good
37	noise
38	noise
39	noise
40	mua
42	mua
50	good
51	noise
53	noise
59	good
64	noise
68	noise
69	noise
70	mua
72	noise
77	good
79	noise
80	good
81	good
82	good
84	noise
88	good
89	noise
90	good
91	mua
95	good
96	good
100	noise
103	noise
106	noise
109	noise
114	noise
115	good
122	noise
123	good
124	good
125	good
127	good
132	noise
133	good
134	good
136	noise
137	noise
138	noise
139	good
143	noise
145	mua
150	good
153	good
154	good
158	noise
162	noise
163	good
164	good
165	noise
167	good
168	noise
172	noise
173	mua
176	good
178	good
181	good
183	noise
188	good
189	noise
191	good
193	good
197	good
203	good
206	noise
209	mua
210	noise
213	mua
215	mua
218	good
220	noise
223	good
225	noise
228	noise
229	noise
231	good
234	noise
239	noise
244	good
247	mua
249	noise
250	noise
251	good
262	good
264	good
267	mua
268	good
269	noise
272	noise
281	good
282	good
283	noise
286	good
288	noise
290	noise
293	noise
295	good
300	good
301	good
305	good
310	noise
311	good
312	good
315	good
323	good
324	good
331	mua
332	good
337	good
348	good
349	good
354	good
355	good
359	good
361	good
364	good
367	good
368	good
369	good
373	good
374	good
379	good
381	good
390	good
393	good
394	good
395	good
397	good
398	good
403	good
404	good
405	good
406	mua
408	good
409	good
414	good
415	good
423	good
424	mua
425	good
426	good
427	good
428	good
429	good
434	good
436	good
438	good
439	good
442	good
445	good
447	mua
448	good
449	good
450	good
452	good
