cluster_id	group
0	mua
2	noise
3	noise
4	good
14	noise
17	good
18	noise
19	good
23	good
25	noise
27	good
29	mua
30	mua
33	mua
34	mua
35	noise
36	good
37	noise
38	noise
39	noise
40	mua
42	mua
50	good
51	noise
53	noise
56	good
62	noise
63	mua
64	noise
65	good
67	good
68	noise
69	noise
70	noise
72	noise
73	mua
76	noise
77	good
78	good
79	noise
80	good
82	good
84	noise
88	good
89	noise
90	good
91	mua
95	good
96	good
100	noise
103	noise
105	mua
106	noise
107	good
109	noise
110	good
112	mua
113	mua
114	noise
115	good
116	good
118	good
119	mua
122	mua
123	mua
124	good
125	good
127	good
131	good
132	noise
134	good
136	noise
137	noise
138	noise
141	mua
143	noise
145	mua
146	good
151	mua
153	good
154	good
156	good
157	mua
158	noise
162	noise
164	good
165	noise
168	noise
171	good
172	noise
173	noise
174	mua
175	noise
176	good
178	noise
179	good
183	mua
188	good
189	noise
191	good
192	good
193	mua
194	good
195	good
197	good
198	mua
200	good
202	good
203	good
206	noise
210	noise
213	noise
217	good
218	mua
220	noise
225	noise
228	noise
229	noise
230	mua
231	good
233	mua
234	noise
235	noise
239	noise
243	good
244	good
247	good
249	noise
250	noise
251	good
252	good
253	good
254	noise
256	mua
262	good
263	good
264	good
265	good
268	good
269	mua
270	good
272	noise
273	good
280	noise
281	mua
282	good
283	noise
284	noise
286	good
288	noise
290	noise
293	noise
294	noise
295	good
297	good
299	good
303	good
305	good
312	good
315	good
316	good
319	good
320	good
321	good
325	good
326	good
327	good
328	good
329	mua
330	good
333	good
335	good
337	good
340	good
347	good
348	good
351	good
352	good
356	good
360	good
361	good
364	good
368	good
369	good
370	good
371	good
373	mua
374	good
377	mua
378	good
379	good
380	good
382	mua
384	mua
385	mua
386	mua
387	mua
388	mua
389	mua
390	good
393	mua
395	mua
396	mua
398	mua
