cluster_id	group
0	noise
1	good
13	noise
36	good
53	noise
62	noise
63	noise
67	mua
82	good
88	good
95	good
112	noise
118	good
126	noise
134	good
135	noise
140	noise
144	mua
151	mua
157	noise
176	good
185	noise
191	good
193	good
195	good
196	noise
197	good
211	noise
218	noise
242	good
243	good
244	good
253	good
262	mua
265	good
266	mua
282	good
300	good
302	good
303	good
305	good
308	good
310	good
317	good
319	noise
320	noise
322	good
324	good
325	good
326	mua
327	good
329	good
330	good
337	good
340	good
