cluster_id	group
0	good
2	noise
3	noise
4	good
5	good
6	good
7	noise
8	mua
9	mua
12	good
13	noise
14	noise
15	good
16	good
17	good
18	noise
19	good
20	good
21	good
22	mua
23	noise
25	noise
26	mua
27	mua
28	mua
29	mua
30	noise
31	mua
32	mua
33	mua
34	noise
35	noise
36	mua
37	noise
38	noise
39	noise
40	noise
41	mua
42	noise
44	noise
45	noise
46	noise
47	good
48	good
49	mua
50	mua
51	noise
52	good
53	noise
54	good
55	noise
56	good
57	good
58	good
59	mua
60	mua
61	noise
62	noise
63	noise
64	noise
65	mua
66	noise
67	mua
68	noise
69	noise
70	noise
71	mua
72	noise
73	mua
74	good
75	noise
76	noise
77	mua
78	mua
79	noise
80	good
81	mua
82	mua
83	noise
84	noise
85	good
86	good
87	good
88	noise
89	noise
90	mua
91	mua
92	mua
93	good
94	mua
95	mua
96	good
97	good
98	good
99	good
100	noise
101	mua
102	mua
103	noise
104	noise
105	noise
106	noise
107	good
108	good
109	noise
110	mua
111	mua
112	noise
113	noise
114	noise
115	mua
116	mua
117	mua
118	mua
119	noise
120	good
121	mua
122	noise
123	noise
124	good
125	noise
126	noise
127	mua
128	mua
129	good
130	good
131	good
132	noise
133	good
134	noise
135	noise
136	noise
137	noise
138	noise
139	mua
140	good
141	noise
142	mua
143	noise
144	good
145	noise
146	mua
147	good
149	good
150	mua
151	noise
152	noise
153	mua
154	good
155	good
156	good
157	mua
158	mua
159	noise
160	noise
161	good
162	noise
163	noise
164	good
165	noise
166	good
167	mua
168	noise
169	mua
171	mua
172	noise
173	noise
174	noise
175	noise
176	mua
177	good
178	noise
179	good
181	mua
182	good
183	noise
184	mua
185	mua
186	good
187	good
188	noise
189	noise
190	good
191	noise
192	noise
193	good
194	good
195	good
196	mua
197	good
198	mua
199	mua
200	mua
201	mua
202	good
203	noise
204	good
205	good
206	noise
207	noise
208	mua
209	mua
210	noise
211	good
213	noise
214	mua
215	noise
216	mua
217	mua
218	noise
219	good
220	noise
221	noise
222	noise
223	good
224	noise
225	noise
226	mua
227	noise
228	noise
229	noise
230	good
231	good
232	mua
233	noise
234	noise
235	noise
236	mua
237	mua
238	noise
239	noise
240	noise
241	mua
242	good
243	mua
244	good
245	noise
246	good
247	mua
248	good
249	noise
250	noise
251	noise
252	good
253	good
254	noise
255	good
256	good
257	good
258	good
259	good
260	mua
261	noise
262	noise
263	good
264	noise
265	good
266	mua
267	noise
268	mua
269	noise
270	mua
271	mua
272	noise
273	good
275	mua
276	good
277	good
278	good
279	good
280	mua
281	noise
282	noise
283	noise
284	noise
286	noise
287	mua
288	noise
289	noise
290	noise
291	mua
292	mua
293	noise
294	noise
295	good
296	mua
297	good
299	good
300	good
301	good
