cluster_id	group
0	mua
1	good
2	mua
3	mua
4	good
7	mua
8	mua
14	mua
17	good
19	good
23	mua
25	mua
27	good
28	good
29	good
30	mua
31	mua
34	mua
35	mua
36	mua
37	mua
38	mua
39	mua
40	mua
42	mua
44	mua
46	mua
47	good
50	mua
51	mua
53	mua
58	good
59	mua
64	mua
65	mua
66	mua
67	mua
68	mua
69	mua
70	mua
71	mua
72	mua
73	mua
76	mua
77	mua
79	mua
80	good
81	mua
82	good
84	mua
87	mua
88	good
89	mua
90	good
91	mua
95	good
96	good
99	mua
100	mua
102	mua
104	mua
105	mua
106	mua
107	good
109	mua
110	good
111	mua
113	mua
114	mua
115	good
118	good
119	mua
122	mua
123	mua
124	good
125	mua
127	mua
132	mua
134	mua
136	mua
137	mua
138	mua
139	mua
141	mua
142	mua
143	mua
145	mua
146	good
150	mua
153	good
154	mua
158	mua
160	mua
162	mua
164	good
165	mua
167	mua
168	mua
169	mua
172	mua
174	mua
175	mua
176	mua
178	mua
181	mua
183	mua
188	mua
189	mua
191	good
192	mua
195	good
196	mua
197	good
198	mua
200	mua
201	mua
202	good
203	mua
205	good
206	mua
208	mua
210	mua
213	mua
215	mua
217	mua
218	mua
220	mua
221	good
223	good
225	mua
226	mua
227	mua
228	mua
229	mua
231	good
233	mua
234	mua
235	mua
239	mua
243	mua
244	good
247	good
248	good
249	mua
250	mua
251	mua
253	good
254	mua
260	good
262	mua
263	good
264	mua
267	mua
268	good
269	mua
270	good
272	mua
277	good
280	mua
281	mua
282	mua
283	mua
285	good
286	mua
288	mua
290	mua
291	mua
293	mua
295	good
296	mua
297	good
302	good
304	good
306	good
308	good
314	good
316	good
318	good
319	good
320	good
322	good
324	good
325	good
326	mua
330	good
