cluster_id	group
0	good
1	good
3	noise
4	good
5	good
7	mua
9	noise
13	noise
14	noise
16	good
17	good
18	noise
19	good
20	good
23	mua
25	mua
27	good
28	good
29	good
30	mua
31	mua
33	good
34	mua
35	noise
36	mua
37	noise
40	mua
42	mua
46	mua
50	mua
51	noise
53	noise
56	good
60	good
61	noise
62	noise
64	noise
65	good
66	good
67	mua
68	mua
70	noise
71	good
72	noise
73	mua
74	noise
76	noise
77	good
78	good
80	good
82	good
83	noise
84	noise
86	good
88	good
89	noise
90	good
91	noise
92	good
95	good
96	good
97	noise
100	noise
102	mua
103	noise
104	mua
106	mua
107	good
110	good
113	mua
114	noise
115	mua
116	good
118	good
119	good
123	noise
124	good
125	mua
127	good
128	good
131	good
132	noise
133	good
134	mua
135	noise
137	noise
138	noise
139	mua
141	mua
143	noise
145	good
146	good
148	noise
149	good
150	mua
151	noise
153	good
154	good
156	good
157	noise
159	noise
160	noise
162	noise
164	good
166	good
168	noise
169	good
171	good
173	mua
174	mua
176	good
178	mua
179	good
183	mua
188	good
189	noise
191	good
192	mua
193	noise
194	good
195	good
196	noise
197	good
198	mua
200	good
202	good
204	noise
207	noise
208	mua
209	mua
210	noise
213	mua
215	mua
217	good
218	mua
220	mua
222	mua
223	mua
224	noise
227	mua
228	noise
230	good
231	good
233	mua
234	noise
235	noise
239	noise
240	noise
242	good
243	mua
244	good
247	good
249	noise
251	mua
252	good
253	good
254	noise
255	noise
256	good
258	noise
259	noise
260	good
262	mua
263	good
264	good
265	noise
267	mua
268	good
269	mua
270	good
271	mua
273	good
276	good
277	good
280	good
281	good
282	good
284	noise
286	good
287	good
290	noise
291	mua
294	noise
295	good
296	noise
305	good
307	good
308	good
310	good
313	good
329	good
331	good
332	noise
336	good
338	mua
339	good
341	good
344	noise
345	good
347	good
348	good
355	good
357	mua
362	mua
368	good
370	good
371	good
373	mua
374	mua
375	mua
377	mua
378	good
382	good
385	mua
389	mua
390	mua
392	mua
393	mua
394	mua
395	noise
396	mua
397	good
