cluster_id	group
0	mua
2	noise
3	noise
4	mua
5	noise
6	mua
7	noise
8	mua
9	noise
10	noise
14	noise
16	mua
17	noise
18	noise
20	mua
22	noise
23	noise
25	noise
26	mua
27	mua
28	mua
29	noise
30	noise
31	noise
33	noise
34	noise
35	noise
37	noise
38	noise
39	noise
40	noise
42	noise
43	noise
44	noise
46	noise
49	mua
50	mua
51	noise
55	mua
59	noise
62	mua
63	mua
64	noise
65	noise
66	noise
68	noise
69	noise
70	noise
71	mua
72	noise
73	noise
74	mua
75	noise
76	noise
77	mua
78	mua
79	noise
80	noise
82	mua
83	noise
84	noise
86	mua
88	noise
89	noise
90	mua
91	noise
92	mua
94	noise
95	noise
96	mua
97	mua
100	noise
101	noise
102	noise
103	noise
104	noise
105	noise
106	noise
108	mua
109	mua
110	noise
111	noise
113	noise
114	noise
115	noise
116	mua
119	noise
122	noise
123	noise
124	mua
125	noise
127	mua
128	noise
131	noise
132	noise
133	mua
134	noise
135	noise
136	noise
137	noise
138	noise
139	noise
141	noise
142	noise
143	noise
145	noise
146	mua
149	mua
150	noise
151	mua
152	noise
153	mua
154	noise
156	mua
157	mua
158	mua
160	noise
162	noise
163	noise
164	noise
165	noise
166	noise
167	noise
168	noise
169	noise
171	mua
172	noise
173	noise
174	noise
175	noise
178	noise
179	noise
181	noise
183	noise
184	noise
185	mua
187	noise
188	noise
189	noise
190	mua
191	mua
192	noise
193	mua
194	good
197	mua
198	mua
200	noise
202	mua
203	noise
204	mua
205	mua
206	noise
207	noise
208	noise
209	noise
210	noise
212	noise
213	noise
215	noise
217	noise
218	noise
220	noise
222	noise
223	noise
225	noise
228	noise
229	noise
230	mua
231	noise
232	mua
233	noise
234	noise
235	noise
236	mua
237	noise
238	mua
239	noise
241	noise
243	mua
244	mua
245	mua
249	noise
250	noise
251	noise
254	noise
256	noise
257	mua
258	noise
260	mua
261	noise
263	mua
264	noise
265	good
266	noise
267	mua
268	noise
269	noise
271	noise
272	noise
273	noise
274	mua
275	mua
276	mua
278	mua
280	noise
281	noise
282	noise
283	noise
284	noise
286	noise
287	mua
288	noise
290	noise
293	noise
294	mua
295	noise
296	noise
298	good
302	mua
307	mua
308	mua
309	mua
312	mua
326	mua
327	mua
328	mua
331	mua
334	good
337	good
339	good
340	mua
341	good
345	mua
346	good
347	mua
349	good
351	good
352	mua
353	noise
