cluster_id	group
0	mua
1	good
2	mua
3	mua
4	good
5	mua
6	good
7	mua
8	good
9	mua
10	good
11	good
12	good
14	mua
15	good
16	good
17	good
18	mua
19	good
20	mua
21	good
23	good
25	mua
27	good
28	good
29	good
30	mua
31	mua
32	good
33	mua
34	mua
35	mua
36	mua
37	mua
38	mua
39	good
40	mua
41	good
42	mua
43	good
44	good
45	mua
46	good
47	good
48	good
49	good
50	mua
51	good
52	good
53	mua
54	good
55	good
56	good
57	good
58	good
59	mua
62	mua
63	mua
64	mua
65	good
66	mua
67	mua
68	good
69	mua
70	mua
71	good
72	mua
73	good
76	mua
77	mua
78	good
79	mua
80	good
81	good
82	good
83	mua
84	good
85	good
86	good
87	good
88	good
89	mua
90	good
91	mua
92	good
93	good
94	mua
95	good
96	good
97	mua
98	good
99	good
101	good
102	mua
103	mua
104	mua
105	good
106	good
107	good
108	mua
109	mua
110	good
111	good
112	mua
113	mua
114	mua
115	good
116	good
117	good
118	good
119	noise
120	good
121	good
122	mua
123	mua
124	good
125	good
126	mua
127	good
128	mua
129	good
130	good
131	good
132	good
133	good
134	mua
135	mua
136	good
137	mua
138	mua
139	good
140	good
141	mua
142	good
143	mua
144	mua
145	mua
146	good
147	mua
148	mua
150	mua
151	mua
152	mua
153	good
154	good
155	good
156	good
157	mua
158	mua
159	mua
160	mua
161	good
162	mua
163	good
164	good
165	mua
166	mua
167	good
168	mua
169	good
171	mua
172	good
173	mua
174	mua
175	good
176	good
177	good
178	good
179	good
180	good
181	mua
182	good
183	mua
184	good
185	mua
186	good
187	good
188	good
189	mua
190	mua
191	good
192	mua
193	mua
195	good
196	mua
197	good
198	mua
199	good
200	mua
201	good
202	good
203	good
204	good
205	good
206	mua
207	mua
208	mua
209	good
211	good
212	good
213	mua
214	good
215	mua
216	mua
217	good
218	good
219	good
220	mua
221	good
222	mua
223	good
224	mua
225	good
226	good
227	mua
228	good
229	good
231	good
232	good
233	mua
234	mua
235	mua
236	mua
237	mua
238	mua
239	mua
240	good
241	good
242	good
243	mua
244	good
245	mua
246	good
247	good
248	good
249	mua
250	good
251	good
252	good
253	good
254	mua
255	good
257	good
258	mua
259	good
260	good
261	good
262	good
263	good
264	good
265	good
267	mua
268	good
269	mua
270	good
271	mua
272	mua
274	good
275	mua
276	good
277	good
278	good
279	good
280	mua
281	mua
282	good
283	mua
284	mua
285	good
286	good
287	mua
288	good
289	mua
290	good
291	mua
292	good
295	good
296	mua
297	good
299	good
300	good
301	good
302	mua
304	good
