cluster_id	group
0	noise
2	noise
3	noise
4	noise
6	good
7	noise
8	noise
9	noise
13	noise
14	noise
16	noise
17	good
18	noise
19	noise
21	noise
22	good
23	noise
25	noise
26	good
27	good
28	noise
29	noise
30	noise
31	noise
33	noise
34	noise
35	noise
36	noise
37	noise
38	noise
39	noise
40	noise
41	noise
42	noise
43	noise
44	noise
45	noise
46	noise
49	noise
50	noise
51	noise
52	noise
53	noise
56	noise
58	noise
59	noise
60	noise
61	noise
62	noise
63	noise
64	noise
65	noise
66	noise
67	noise
68	noise
69	noise
70	noise
71	good
72	noise
73	noise
75	noise
76	noise
77	noise
78	good
79	noise
80	good
82	good
83	noise
84	noise
86	noise
87	noise
88	noise
89	noise
90	good
91	noise
92	noise
93	noise
94	noise
95	noise
96	good
97	noise
100	noise
102	noise
103	noise
104	noise
105	noise
106	noise
107	noise
109	noise
110	good
111	noise
112	noise
113	noise
114	noise
115	good
116	noise
117	noise
118	noise
119	noise
120	good
121	noise
122	noise
123	noise
124	good
125	noise
126	noise
127	noise
128	noise
131	good
132	noise
133	noise
134	noise
135	noise
136	noise
137	noise
138	noise
139	noise
140	noise
141	noise
142	good
143	noise
145	noise
146	good
150	noise
151	noise
152	noise
153	noise
154	good
156	noise
157	noise
158	noise
159	noise
160	noise
162	noise
163	noise
164	noise
165	noise
166	noise
167	noise
168	noise
171	noise
172	noise
173	noise
174	noise
175	noise
176	noise
178	noise
179	good
181	noise
183	noise
184	noise
185	noise
188	mua
189	noise
191	noise
192	noise
193	noise
194	noise
195	noise
196	noise
197	mua
198	noise
200	noise
201	noise
202	noise
203	noise
204	noise
206	noise
207	noise
208	noise
209	noise
210	noise
211	noise
212	noise
213	noise
215	noise
216	noise
217	good
218	noise
220	noise
221	noise
222	noise
223	good
224	noise
225	noise
226	noise
227	noise
228	noise
229	noise
230	noise
231	good
232	good
233	noise
234	noise
235	noise
236	noise
237	noise
238	noise
239	noise
241	noise
243	noise
244	good
246	noise
247	noise
248	good
249	noise
250	noise
251	noise
252	noise
253	noise
254	noise
255	noise
258	noise
259	noise
260	noise
262	noise
263	good
264	good
265	good
266	noise
267	noise
268	good
269	noise
270	noise
271	noise
272	noise
273	good
274	noise
275	noise
276	noise
277	good
280	noise
281	noise
282	noise
283	noise
284	noise
286	good
288	noise
289	noise
290	noise
291	noise
293	noise
294	noise
295	noise
296	noise
297	noise
299	noise
302	noise
306	good
308	noise
309	good
316	noise
318	noise
320	noise
326	noise
328	good
330	noise
335	good
337	noise
338	noise
339	noise
