cluster_id	group
0	good
2	noise
4	good
6	good
7	mua
9	mua
14	noise
16	good
17	good
18	noise
19	good
23	mua
26	good
27	good
29	mua
30	mua
33	good
34	mua
35	noise
37	noise
40	noise
42	mua
44	mua
50	mua
53	noise
54	mua
56	good
57	noise
59	mua
60	good
61	mua
63	good
64	noise
65	mua
66	good
68	noise
70	noise
71	mua
73	mua
74	mua
76	noise
77	mua
78	good
79	noise
80	good
82	good
88	good
90	good
91	noise
93	noise
94	noise
95	good
96	good
97	noise
102	noise
103	noise
104	noise
106	noise
107	good
109	noise
110	mua
111	mua
113	good
114	noise
115	good
116	good
118	good
122	noise
123	noise
125	mua
127	mua
128	good
131	good
132	noise
134	good
136	noise
138	noise
139	mua
140	good
141	mua
143	noise
145	noise
146	good
152	mua
153	mua
154	mua
156	good
157	noise
160	noise
162	noise
163	mua
164	mua
166	mua
168	noise
169	mua
171	mua
173	noise
174	mua
178	noise
179	mua
183	noise
184	mua
188	mua
189	noise
191	good
192	mua
194	good
195	good
196	noise
197	good
198	mua
200	good
201	mua
202	good
203	mua
204	mua
205	mua
212	good
213	noise
217	mua
218	good
221	mua
223	mua
228	noise
231	good
236	mua
237	noise
238	noise
239	noise
243	good
244	good
247	good
251	mua
252	good
256	noise
263	good
264	mua
265	good
266	good
267	mua
268	mua
269	noise
270	good
271	mua
272	noise
275	mua
280	noise
281	mua
282	good
283	noise
286	mua
287	noise
290	noise
295	good
303	good
304	good
306	good
309	good
316	good
318	good
321	good
322	good
323	good
324	mua
325	noise
326	good
331	good
335	good
336	good
338	good
339	noise
341	good
345	noise
347	noise
348	noise
349	noise
351	noise
353	noise
354	noise
355	noise
356	noise
357	noise
358	noise
359	noise
362	good
363	noise
367	good
370	good
371	good
372	mua
374	good
375	noise
376	mua
377	mua
379	good
381	mua
382	good
383	good
384	good
385	mua
