cluster_id	group
0	mua
2	noise
3	mua
4	mua
5	mua
7	mua
8	good
9	mua
13	mua
14	mua
16	good
17	mua
18	mua
19	mua
20	mua
23	good
25	mua
28	good
29	good
30	mua
31	mua
33	mua
34	mua
35	mua
36	mua
37	mua
38	noise
39	noise
40	mua
42	mua
45	mua
46	mua
47	mua
50	mua
51	mua
52	mua
53	mua
54	mua
57	mua
58	mua
59	good
60	good
61	mua
62	mua
63	mua
64	mua
65	mua
66	mua
68	mua
69	noise
70	mua
71	good
72	mua
73	mua
74	mua
76	mua
77	good
78	good
79	mua
80	good
83	mua
84	mua
86	mua
87	mua
88	good
89	mua
90	good
91	mua
92	mua
93	mua
94	mua
95	good
96	good
97	mua
100	mua
102	mua
103	mua
104	mua
105	noise
106	mua
107	mua
108	mua
109	noise
110	mua
112	mua
113	mua
114	mua
115	mua
116	mua
118	good
119	mua
122	mua
123	mua
124	good
125	mua
126	mua
127	mua
128	mua
131	mua
132	mua
133	mua
134	good
135	mua
136	noise
137	mua
138	mua
139	mua
140	mua
141	mua
142	mua
143	mua
144	mua
145	mua
146	good
147	mua
150	mua
151	mua
152	mua
153	good
154	good
156	good
157	mua
158	mua
159	mua
160	mua
162	mua
164	good
165	mua
167	mua
168	mua
169	mua
171	mua
172	noise
173	mua
174	mua
175	noise
176	mua
178	mua
179	good
181	mua
183	mua
184	mua
185	mua
188	good
189	noise
190	mua
191	good
192	mua
193	mua
194	mua
196	mua
197	good
198	mua
200	mua
202	mua
204	mua
205	mua
206	mua
207	mua
208	mua
209	mua
210	mua
211	mua
213	mua
215	mua
217	good
218	mua
220	noise
222	mua
223	mua
224	mua
225	noise
227	mua
228	noise
229	noise
230	mua
231	good
233	good
234	noise
235	mua
236	mua
237	mua
238	mua
239	mua
240	mua
243	good
244	good
245	mua
246	mua
247	mua
249	mua
250	noise
251	mua
254	mua
255	mua
256	mua
257	mua
258	mua
259	mua
260	mua
262	mua
263	good
264	good
265	good
267	mua
268	mua
269	mua
270	mua
271	mua
272	noise
275	mua
276	mua
277	good
279	mua
280	mua
281	mua
282	mua
283	mua
284	noise
286	mua
287	mua
288	noise
289	mua
290	noise
291	mua
293	noise
294	mua
295	mua
296	mua
297	good
298	good
301	good
305	good
312	good
316	mua
317	good
318	good
319	good
320	good
321	good
325	mua
328	mua
331	good
332	mua
334	mua
335	good
338	good
342	good
