cluster_id	group
0	mua
1	good
2	noise
3	noise
4	good
5	noise
6	mua
7	mua
9	mua
13	noise
14	noise
18	noise
19	good
20	mua
23	mua
25	mua
30	mua
34	mua
36	mua
37	noise
38	noise
39	noise
40	mua
42	mua
44	mua
50	mua
51	noise
52	noise
53	noise
54	noise
56	good
57	mua
59	good
61	noise
62	noise
63	mua
64	noise
67	mua
68	noise
69	noise
70	noise
71	mua
72	noise
73	mua
74	mua
76	mua
77	good
78	good
79	noise
80	good
81	mua
82	good
83	noise
84	noise
86	mua
87	mua
88	good
90	mua
91	noise
93	noise
94	mua
95	good
96	good
97	mua
100	noise
102	mua
103	noise
104	mua
105	noise
106	noise
107	good
108	mua
109	noise
111	good
112	noise
113	mua
114	noise
115	good
118	good
119	mua
122	noise
123	mua
124	good
125	mua
126	noise
127	good
131	good
132	noise
134	good
135	mua
136	noise
137	noise
138	noise
139	good
140	mua
141	mua
143	noise
144	mua
145	mua
147	mua
148	mua
150	mua
151	mua
152	mua
154	mua
157	noise
159	noise
160	noise
164	mua
165	noise
167	mua
168	noise
172	noise
173	mua
174	mua
175	noise
176	mua
178	noise
181	mua
183	noise
184	mua
185	mua
188	good
189	noise
190	mua
191	good
192	mua
193	mua
195	good
196	noise
197	good
202	good
204	mua
206	noise
207	mua
210	noise
211	noise
212	mua
213	mua
215	mua
216	mua
217	mua
218	mua
220	noise
224	mua
225	noise
227	mua
228	noise
229	noise
231	good
233	mua
234	noise
235	noise
236	mua
237	noise
238	mua
239	noise
240	noise
243	good
244	good
245	mua
249	noise
250	noise
251	mua
252	good
253	good
254	noise
255	noise
258	noise
259	noise
260	good
263	good
264	good
265	good
269	noise
270	good
272	noise
275	mua
280	mua
281	mua
282	good
283	noise
284	mua
288	noise
289	mua
290	noise
293	noise
294	noise
296	noise
303	good
304	good
305	good
307	good
310	good
312	good
318	good
321	good
322	good
324	good
325	good
328	good
334	good
335	good
336	good
338	good
339	good
340	good
342	mua
343	good
346	good
347	good
