cluster_id	group
1	good
2	noise
3	noise
4	good
5	mua
14	noise
23	mua
26	good
35	noise
37	noise
38	noise
39	noise
40	mua
46	good
50	mua
51	noise
52	mua
53	mua
54	mua
59	good
61	mua
62	mua
64	noise
66	mua
68	mua
69	mua
70	mua
72	noise
74	mua
77	mua
79	noise
82	good
83	mua
84	mua
87	mua
89	noise
91	mua
93	mua
95	good
96	good
100	noise
103	mua
106	noise
109	noise
112	mua
114	mua
118	good
122	noise
124	good
126	mua
132	noise
134	mua
136	noise
138	noise
139	good
141	mua
143	noise
150	mua
157	mua
158	mua
159	mua
162	noise
165	noise
168	mua
176	good
183	noise
188	good
189	noise
192	good
196	mua
197	good
206	noise
208	mua
210	noise
211	mua
215	mua
217	good
218	mua
220	noise
225	mua
228	noise
229	mua
231	good
232	good
234	noise
235	noise
237	mua
239	noise
240	mua
243	good
244	good
249	mua
250	noise
253	good
254	mua
255	mua
258	mua
259	mua
263	good
264	good
266	mua
269	noise
272	noise
281	mua
282	mua
283	noise
288	noise
289	mua
290	noise
293	noise
296	mua
298	good
300	good
301	good
302	good
303	good
304	mua
310	mua
311	good
312	good
313	good
314	good
315	good
317	good
320	good
321	good
323	good
324	good
326	good
328	good
329	good
330	good
331	good
