cluster_id	group
4	good
7	good
17	good
19	good
30	mua
34	mua
40	mua
42	mua
46	good
50	mua
53	noise
59	good
60	good
65	good
66	mua
73	good
77	good
80	good
82	good
88	good
90	good
95	good
96	good
105	noise
106	noise
110	good
112	noise
115	good
118	good
119	good
124	good
125	good
127	good
128	mua
134	good
139	good
141	mua
146	good
150	good
153	good
154	good
163	good
164	good
171	good
174	mua
175	noise
179	good
188	good
191	good
192	good
195	good
197	good
198	mua
200	good
203	good
208	mua
213	noise
215	mua
217	good
231	good
244	good
251	good
252	good
253	good
256	good
260	good
262	good
263	good
267	mua
268	good
270	good
282	good
295	good
297	good
315	noise
317	noise
326	good
336	good
343	good
350	good
372	good
377	good
382	good
383	noise
385	noise
388	good
398	good
401	good
406	good
411	mua
417	mua
422	good
423	good
445	good
452	good
454	good
457	good
460	good
461	good
462	good
463	good
464	good
467	good
468	noise
471	good
472	mua
475	good
478	noise
481	good
482	good
485	noise
486	mua
487	mua
488	noise
490	mua
492	good
493	good
494	unsorted
495	mua
496	noise
497	good
500	mua
505	good
509	good
510	good
511	good
512	good
515	mua
519	good
520	good
