cluster_id	group
1	good
2	noise
3	noise
4	good
5	noise
13	noise
14	noise
17	good
18	noise
23	good
25	noise
27	good
29	good
33	good
34	good
35	noise
36	good
37	noise
38	noise
39	noise
40	good
42	good
51	noise
53	noise
56	good
61	noise
62	noise
64	noise
65	good
68	noise
69	noise
70	noise
71	good
72	noise
73	good
74	good
77	good
78	good
79	noise
80	good
82	good
84	noise
86	good
88	good
89	noise
90	good
93	noise
95	good
96	good
100	noise
103	noise
106	mua
109	noise
110	good
112	good
113	good
114	noise
115	good
116	good
122	noise
123	noise
124	good
125	good
126	noise
127	good
131	good
132	noise
134	good
135	noise
136	noise
137	noise
138	noise
143	noise
145	good
146	good
148	good
151	mua
152	good
153	good
154	good
156	good
158	noise
159	noise
162	noise
164	good
165	noise
168	noise
171	good
172	noise
173	noise
176	good
178	noise
179	good
183	noise
185	good
188	good
189	noise
191	good
193	good
195	good
197	good
198	good
200	good
202	good
206	noise
210	noise
211	good
213	noise
214	good
217	good
218	good
220	noise
224	good
225	noise
228	noise
229	noise
231	good
233	good
234	noise
235	noise
238	good
239	noise
243	good
244	good
245	good
249	noise
250	noise
251	good
252	good
253	good
255	noise
256	good
258	noise
262	good
263	good
264	good
265	good
269	noise
270	good
271	good
272	noise
273	good
275	good
276	good
280	good
282	good
283	noise
284	good
286	good
288	noise
290	noise
293	noise
294	noise
297	good
301	good
304	good
340	good
360	good
362	good
371	good
376	good
384	good
386	good
388	good
390	good
