cluster_id	group
0	noise
1	good
2	noise
4	noise
6	mua
7	mua
12	noise
14	noise
17	mua
19	good
21	good
23	noise
25	mua
27	good
28	mua
29	mua
30	noise
31	noise
33	noise
34	noise
35	noise
36	mua
38	noise
40	noise
42	noise
43	good
44	noise
45	noise
46	noise
47	mua
49	mua
50	noise
52	noise
54	noise
56	noise
57	noise
58	noise
59	mua
60	noise
62	noise
63	noise
65	noise
66	noise
67	noise
68	noise
71	good
73	noise
76	noise
77	mua
78	noise
79	noise
80	mua
82	mua
83	noise
84	mua
85	noise
86	noise
87	noise
88	good
90	good
91	noise
95	mua
96	good
97	noise
99	noise
100	noise
102	mua
104	noise
106	noise
107	noise
109	mua
110	good
111	noise
112	noise
113	mua
115	noise
116	noise
117	good
118	mua
119	noise
120	good
124	good
125	good
127	mua
128	noise
129	mua
130	noise
131	noise
133	noise
134	mua
135	noise
136	noise
137	noise
138	noise
139	mua
140	noise
141	noise
142	noise
143	noise
146	good
147	noise
148	noise
150	mua
151	noise
152	noise
153	noise
154	mua
156	noise
157	noise
158	noise
160	noise
161	good
162	noise
164	noise
165	noise
166	noise
167	mua
171	noise
172	mua
173	noise
174	noise
175	noise
176	mua
178	noise
179	noise
182	mua
183	noise
188	mua
189	noise
190	noise
191	good
192	mua
193	noise
195	noise
196	noise
197	good
198	mua
199	good
200	mua
201	mua
202	noise
205	noise
206	noise
207	noise
208	noise
210	noise
211	noise
212	noise
215	noise
216	noise
217	noise
218	mua
220	noise
221	mua
222	noise
223	good
224	noise
225	noise
226	mua
229	noise
231	good
233	noise
234	noise
235	noise
236	noise
237	noise
238	noise
241	mua
242	noise
243	good
244	mua
246	mua
247	mua
248	good
250	noise
251	noise
252	noise
253	mua
254	noise
255	noise
259	noise
260	mua
261	mua
262	mua
263	good
264	good
265	noise
267	noise
268	noise
269	noise
270	good
271	noise
272	noise
274	good
276	noise
277	noise
278	mua
279	noise
280	noise
281	noise
282	mua
283	noise
284	noise
285	good
286	mua
287	noise
289	noise
291	good
293	noise
295	good
297	mua
298	good
303	mua
304	mua
305	noise
306	good
307	mua
308	mua
310	good
