cluster_id	group
7	mua
9	noise
13	noise
23	mua
30	noise
34	mua
42	mua
44	noise
50	mua
53	noise
59	mua
62	noise
66	mua
67	noise
68	noise
70	noise
77	mua
80	good
81	mua
88	mua
91	mua
93	noise
95	good
96	good
97	noise
102	mua
104	noise
105	noise
106	noise
111	good
118	good
134	mua
139	good
141	mua
150	noise
152	mua
159	noise
163	good
171	mua
173	noise
176	mua
188	good
192	mua
195	unsorted
197	good
201	mua
203	good
204	mua
208	mua
215	mua
217	noise
218	mua
220	noise
222	mua
224	noise
231	good
236	noise
238	noise
243	good
244	good
246	noise
262	mua
263	good
264	good
268	good
281	mua
282	good
288	noise
291	noise
294	noise
299	good
302	mua
303	good
304	good
307	good
308	good
311	good
318	good
321	good
322	good
323	good
324	good
327	good
328	good
331	noise
332	noise
