cluster_id	group
0	mua
1	good
2	noise
3	mua
4	mua
5	noise
7	mua
9	mua
13	noise
14	noise
16	mua
17	mua
18	noise
19	mua
23	mua
25	noise
27	good
29	noise
30	noise
33	mua
34	noise
35	noise
36	mua
37	noise
38	noise
39	noise
40	noise
42	mua
50	mua
51	noise
53	noise
56	good
59	mua
60	mua
61	noise
62	noise
63	noise
64	noise
65	mua
66	mua
68	noise
69	noise
70	noise
71	mua
72	noise
73	mua
76	noise
77	mua
78	mua
79	noise
80	good
81	mua
82	mua
83	noise
84	noise
86	noise
87	mua
88	mua
89	noise
90	good
92	mua
93	mua
95	mua
96	good
99	mua
100	noise
103	noise
104	mua
105	noise
106	noise
107	good
108	noise
109	noise
110	good
112	mua
113	noise
114	noise
115	good
116	mua
118	good
119	noise
122	noise
123	noise
125	mua
126	noise
127	mua
128	noise
131	mua
132	noise
134	mua
135	noise
136	noise
137	noise
138	noise
139	mua
140	mua
141	mua
143	noise
144	noise
145	noise
146	good
148	mua
150	mua
151	noise
153	mua
154	mua
156	good
157	noise
158	noise
159	noise
160	noise
162	noise
164	good
165	noise
166	good
167	mua
168	noise
171	mua
172	noise
173	noise
174	noise
175	noise
176	mua
178	noise
179	mua
183	noise
184	mua
185	noise
188	mua
189	noise
190	mua
191	mua
192	mua
193	noise
194	mua
195	mua
196	noise
197	good
198	mua
200	mua
201	mua
202	good
206	noise
207	noise
210	noise
211	mua
213	noise
215	mua
216	mua
217	mua
218	mua
220	noise
221	mua
222	noise
223	mua
224	noise
225	noise
227	noise
228	noise
229	noise
230	mua
231	good
233	noise
234	noise
235	noise
236	mua
239	mua
240	noise
243	mua
244	good
245	noise
247	mua
249	noise
250	noise
251	mua
252	good
254	noise
255	noise
256	mua
260	mua
263	good
264	good
267	noise
268	mua
269	noise
270	good
271	mua
272	noise
276	mua
280	noise
281	noise
282	mua
283	mua
284	noise
286	good
288	noise
290	noise
293	noise
294	noise
295	good
302	mua
304	mua
305	noise
306	mua
307	mua
308	good
309	mua
310	mua
311	good
312	mua
313	good
314	good
316	noise
317	mua
318	mua
319	mua
321	mua
324	good
327	mua
328	mua
329	good
330	mua
331	mua
337	good
339	good
346	good
347	mua
352	mua
353	good
354	mua
356	good
358	good
359	noise
