cluster_id	group
0	good
1	good
5	noise
23	good
31	mua
34	noise
36	good
53	noise
54	noise
57	good
61	noise
81	noise
88	good
95	good
99	mua
118	good
126	noise
127	good
128	noise
134	good
135	noise
144	noise
148	noise
151	mua
173	noise
184	good
191	good
195	noise
196	noise
197	good
237	mua
242	mua
244	good
245	noise
247	good
253	mua
262	noise
271	noise
277	good
282	good
304	good
305	good
307	good
310	good
319	good
322	good
324	good
326	good
327	good
330	good
332	good
334	good
335	good
336	good
341	good
342	good
343	good
344	good
345	good
347	good
348	good
350	good
